Workbook

Sheet Экстраполяция
A1: Вариант | B1: =MOD(B4,8) -> 2
A2: M = | B2: 6
A3: N = | B3: 7
A4: XX = | B4: =B2^2+B3^2 - B2*B3 +7 -> 50
A6: О\П № | B6: Прибыль за О\П | C6: Цепные темпы роста
C7: Абсолютные значения | D7: Относительные значения % | E7: Среденеготдовой темп роста
A8: 1 | B8: =97+10*$B$4-3 -> 594 | C8: 1 | D8: 1 | E8: =(C9*C10*C11*C12*C13*C14*C15*C16*C17*C18*C19)^(1/11) -> 0.99103851
A9: 2 | B9: =73+10*$B$4-3 -> 570 | C9: =B9/B8 -> 0.95959596 | D9: =C9*100 -> 95.959596 | E9: Среденеготдовой темп роста в %
A10: 3 | B10: =38+10*$B$4-3 -> 535 | C10: =B10/B9 -> 0.93859649 | D10: =C10*100 -> 93.859649 | E10: =E8*100 -> 99.103851
A11: 4 | B11: =46+10*$B$4-3 -> 543 | C11: =B11/B10 -> 1.0149533 | D11: =C11*100 -> 101.49533
A12: 5 | B12: =41+10*$B$4-3 -> 538 | C12: =B12/B11 -> 0.9907919 | D12: =C12*100 -> 99.07919
A13: 6 | B13: =12+10*$B$4-3 -> 509 | C13: =B13/B12 -> 0.94609665 | D13: =C13*100 -> 94.609665
A14: 7 | B14: =42+10*$B$4-3 -> 539 | C14: =B14/B13 -> 1.0589391 | D14: =C14*100 -> 105.89391
A15: 8 | B15: =51+10*$B$4-3 -> 548 | C15: =B15/B14 -> 1.0166976 | D15: =C15*100 -> 101.66976
A16: 9 | B16: =33+10*$B$4-3 -> 530 | C16: =B16/B15 -> 0.96715328 | D16: =C16*100 -> 96.715328
A17: 10 | B17: =13+10*$B$4-3 -> 510 | C17: =B17/B16 -> 0.96226415 | D17: =C17*100 -> 96.226415
A18: 11 | B18: =22+10*$B$4-3 -> 519 | C18: =B18/B17 -> 1.0176471 | D18: =C18*100 -> 101.76471
A19: 12 | B19: =41+10*$B$4-3 -> 538 | C19: =B19/B18 -> 1.0366089 | D19: =C19*100 -> 103.66089
A20: 13 | B20: =B19*E8 -> 533.17872 | C20: =B20/B19 -> 0.99103851 | D20: =C20*100 -> 99.103851

Sheet Лин.Рег
A1: Вариант | B1: =Экстраполяция!$B$1 -> 2 | C1: количество продукции | E1: n | F1: 12
A2: M = | B2: =Экстраполяция!$B$2 -> 6 | C2: =17+2*$B$4-12 -> 105 | E2: Сумма по x | F2: =SUM(A7:A18) -> 1153
A3: N = | B3: =Экстраполяция!$B$3 -> 7 | E3: Суммапо y | F3: =SUM(B7:B18) -> 8236
A4: XX = | B4: =Экстраполяция!$B$4 -> 50 | E4: Сумма по x^2 | F4: =SUM(C7:C18) -> 111037
E5: Сумма по xy | F5: =SUM(D7:D18) -> 811151
A6: Кол-во произведенной продукции (x) | B6: Время изготовления (y) | C6: x^2 | D6: xy | E6: b = | F6: =(F1*F5- F2*F3)/(F1*F4-F2^2) -> 78.320923
A7: =1+2*$B$4-12 -> 89 | B7: =35+5*$B$4 -> 285 | C7: =A7^2 -> 7921 | D7: =A7*B7 -> 25365 | E7: a = | F7: =(F3-F6*F2)/F1 -> -6839.002
A8: =2+2*$B$4-12 -> 90 | B8: =48+5*$B$4 -> 298 | C8: =A8^2 -> 8100 | D8: =A8*B8 -> 26820 | E8: y = | F8: =F7+F6*C2 -> 1384.6949
A9: =3+2*$B$4-12 -> 91 | B9: =62+5*$B$4 -> 312 | C9: =A9^2 -> 8281 | D9: =A9*B9 -> 28392
A10: =5+2*$B$4-12 -> 93 | B10: =101+5*$B$4 -> 351 | C10: =A10^2 -> 8649 | D10: =A10*B10 -> 32643
A11: =6+2*$B$4-12 -> 94 | B11: =132+5*$B$4 -> 382 | C11: =A11^2 -> 8836 | D11: =A11*B11 -> 35908
A12: =8+2*$B$4-12 -> 96 | B12: =190+5*$B$4 -> 440 | C12: =A12^2 -> 9216 | D12: =A12*B12 -> 42240
A13: =9+2*$B$4-12 -> 97 | B13: =178+5*$B$4 -> 428 | C13: =A13^2 -> 9409 | D13: =A13*B13 -> 41516
A14: =10+2*$B$4-12 -> 98 | B14: =766+5*$B$4 -> 1016 | C14: =A14^2 -> 9604 | D14: =A14*B14 -> 99568
A15: =11+2*$B$4-12 -> 99 | B15: =841+5*$B$4 -> 1091 | C15: =A15^2 -> 9801 | D15: =A15*B15 -> 108009
A16: =12+2*$B$4-12 -> 100 | B16: =938+5*$B$4 -> 1188 | C16: =A16^2 -> 10000 | D16: =A16*B16 -> 118800
A17: =14+2*$B$4-12 -> 102 | B17: =945+5*$B$4 -> 1195 | C17: =A17^2 -> 10404 | D17: =A17*B17 -> 121890
A18: =16+2*$B$4-12 -> 104 | B18: =1000+5*$B$4 -> 1250 | C18: =A18^2 -> 10816 | D18: =A18*B18 -> 130000

Sheet Оценка рисков
A1: Вариант | B1: =Экстраполяция!$B$1 -> 2
A3: Прибыль (x) | B3: -4 | C3: -3 | D3: -2 | E3: -1 | F3: 0 | G3: 1 | H3: 2 | I3: 3 | J3: 4 | K3: МатОждидание | L3: Квадратичная сумма | M3: Стандартное отклонение
A4: Инициатива 1 | B4: 0.01 | C4: 0.02 | D4: 0.03 | E4: 0.04 | F4: 0.05 | G4: 0.06 | H4: 0.5 | I4: 0.19 | J4: 0.1 | K4: =B4*$B$3+C4*$C$3+D4*$D$3+E4*$E$3+F4*$F$3+G4*$G$3+H4*$H$3+I4*$I$3+J4*$J$3 -> 1.83 | L4: =B4*$B$3^2+C4*$C$3^2+D4*$D$3^2+E4*$E$3^2+F4*$F$3^2+G4*$G$3^2+H4*$H$3^2+I4*$I$3^2+J4*$J$3^2 -> 5.87 | M4: =(L4-K4^2)^(1/2) -> 1.5877972
A5: Инициатива 2 | B5: 0.1 | C5: 0.15 | D5: 0.1 | E5: 0.1 | F5: 0.05 | G5: 0.05 | H5: 0.25 | I5: 0.1 | J5: 0.1 | K5: =B5*$B$3+C5*$C$3+D5*$D$3+E5*$E$3+F5*$F$3+G5*$G$3+H5*$H$3+I5*$I$3+J5*$J$3 -> 0.1 | L5: =B5*$B$3^2+C5*$C$3^2+D5*$D$3^2+E5*$E$3^2+F5*$F$3^2+G5*$G$3^2+H5*$H$3^2+I5*$I$3^2+J5*$J$3^2 -> 7 | M5: =(L5-K5^2)^(1/2) -> 2.6438608
A6: Инициатива 3 | B6: 0.05 | C6: 0.33 | D6: 0.21 | E6: 0.04 | F6: 0.1 | G6: 0.09 | H6: 0.02 | I6: 0.05 | J6: 0.11 | K6: =B6*$B$3+C6*$C$3+D6*$D$3+E6*$E$3+F6*$F$3+G6*$G$3+H6*$H$3+I6*$I$3+J6*$J$3 -> -0.93 | L6: =B6*$B$3^2+C6*$C$3^2+D6*$D$3^2+E6*$E$3^2+F6*$F$3^2+G6*$G$3^2+H6*$H$3^2+I6*$I$3^2+J6*$J$3^2 -> 7.03 | M6: =(L6-K6^2)^(1/2) -> 2.4829619
